Workbook

Sheet DATA
B2: YAYASAN AL – IHSAN AL ISLAMI
B3: MTs. AL IHSAN TANAH GROGOT
B4: NPSN : 30410000 NSM : 12.12.64.01.0002
B5: Alamat : Jl. Senaken Ds. Senaken RT. IV Tanah Grogot Kab. Paser - Kalimantan Timur 76211
B6: Telp. 0543-5236320 e-mail: mtsalihsan__senaken@yahoo.com
C13: DATA UMUM | U13: JANUARI
U14: FEBRUARI
C15: TAHUN PELAJARAN | E15: 2026/2027 | I15: Kepala Madrasah : | K15: Ahmad Syafi'i Badar,S.Pd.I | N15: Pengawas Madrasah : | P15: Drs.H.Hadi Suhaidy. | U15: MARET
U16: APRIL
C17: WAKTU LAPORAN | E17: JULI | G17: 2026 | I17: NIP : | K17: - | N17: NIP : | P17: 196707121996031003 | U17: MEI
U18: JUNI
C19: IDENTITAS GURU | J19: IDENTITAS MADRASAH | U19: JULI
C20: Nama Guru | E20: Nurlailatul Hasanah, S.Ag | L20: Nama Madrasah | N20: MTs. AL IHSAN TANAH GROGOT | U20: AGUSTUS
U21: SEPTEMBER
C22: NIP | E22: 197311272005012002 | L22: Alamat Madrasah | N22: Jl. Cendrawasih RT. 04 Desa Senaken Tanah Grogot | U22: OKTOBER
U23: NOVEMBER
C24: No Sertifikasi | E24: 2111423801163 | L24: Jumlah Ruang Kelas | N24: 6 (Enam) | U24: DESEMBER
C26: Pangkat/Gol Ruang | E26: Guru madya pembina tingkat I, golongan IV/b | L26: Status Madrasah | N26: Terakreditasi A
C28: Pendidikan | E28: S.1 Tarbiyah | L28: Internet | N28: Ada
C30: Status Guru | E30: Sejarah Kebudayaan Islam (SKI) dan Akidah Akhlak | U30: Guru pertama penata muda, golongan III/a | Y30: VII A | AA30: Guru pertama | AB30: Pangkat penata muda, golongan III/a
U31: Guru pertama penata muda tingkat I, golongan III/b | Y31: VII B | AA31: Guru pertama | AB31: Pangkat penata muda tingkat I, golongan III/b
C32: ="DATA JUMLAH SISWA/PESERTA EKSTRAKURIKULER BULAN "&E17&" "&G17 -> DATA JUMLAH SISWA/PESERTA EKSTRAKURIKULER BULAN JULI 2026 | U32: Guru muda penata, golongan III/c | Y32: VII C | AA32: Guru muda | AB32: Pangkat penata, golongan III/c
U33: Guru muda penata tingkat I, golongan III/d | Y33: VII D | AA33: Guru muda | AB33: Pangkat penata tingkat I, golongan III/d
D34: TINGKAT 7 | H34: TINGKAT 8 | M34: TINGKAT 9 | U34: Guru madya pembina, golongan IV/a | Y34: VIII A | AA34: Guru madya | AB34: Pangkat pembina, golongan IV/a
D35: VII A | E35: VII B | H35: VIII A | I35: VIII B | M35: IX A | N35: IX B | O35: IX C | U35: Guru madya pembina tingkat I, golongan IV/b | Y35: VIII B | AA35: Guru madya | AB35: Pangkat pembina tingkat I, golongan IV/b
C36: L | D36: 24 | E36: 0 | H36: 22 | I36: 12 | M36: 23 | N36: 0 | U36: Guru madya pembina utama muda, golongan IV/c | Y36: VIII C | AA36: Guru madya | AB36: Pangkat pembina utama muda, golongan IV/c
C37: P | D37: 0 | E37: 20 | H37: 0 | I37: 11 | M37: 0 | N37: 31 | U37: Guru utama pembina utama madya, golongan IV/d | Y37: VIII D | AA37: Guru utama | AB37: Pangkat pembina utama madya, golongan IV/d
U38: Guru utama pembina utama, golongan IV/e | Y38: VIII E | AA38: Guru utama | AB38: Pangkat pembina utama, golongan IV/e
J39: EKSTRAKURIKULER | Y39: IX A
J40: OP | K40: AH | Y40: IX B
Y41: IX C
Y42: IX D
Y43: IX E
C44: ="JUMLAH HARI EFEKTIF/KEGIATAN EKSTRAKURIKULER BULAN "&E17&" "&G17 -> JUMLAH HARI EFEKTIF/KEGIATAN EKSTRAKURIKULER BULAN JULI 2026
G46: SENIN | H46: SELASA | I46: RABU | J46: KAMIS | K46: JUMAT | L46: SABTU | M46: =IF(J40="","",J40) -> OP | N46: =IF(K40="","",K40) -> AH
G47: 3 | H47: 3 | I47: 3 | J47: 3 | K47: 3 | L47: 2

Sheet DATA 1
B2: YAYASAN AL – IHSAN AL ISLAMI
B3: MTs. AL IHSAN TANAH GROGOT
B4: NPSN : 30410000 NSM : 12.12.64.01.0002
B5: Alamat : Jl. Senaken Ds. Senaken RT. IV Tanah Grogot Kab. Paser - Kalimantan Timur 76211
B6: Telp. 0543-5236320 e-mail: mtsalihsan__senaken@yahoo.com
C11: PETUNJUK PENGGUNAAN DAPAT DIBACA DI SINI
C13: DATA UMUM | U13: JANUARI
U14: FEBRUARI
C15: TAHUN PELAJARAN | E15: 2022/2023 | H15: Kepala Madrasah : | J15: Ahmad Syafi'i Badar,S.Pd.I | L15: Pengawas Madrasah : | N15: H.Najimuddin,S.Ag. | U15: MARET
U16: APRIL
C17: WAKTU LAPORAN | E17: JULI | G17: 2022 | H17: NIP : | J17: - | L17: NIP : | N17: 196411191994031003 | U17: MEI
U18: JUNI
C19: IDENTITAS GURU | J19: IDENTITAS MADRASAH | U19: JULI
C20: Nama Guru | E20: Nurlailatul Hasanah, S.Ag | J20: Nama Madrasah | L20: MTs. AL IHSAN TANAH GROGOT | U20: AGUSTUS
U21: SEPTEMBER
C22: NIP | E22: 197311272005012002 | J22: Alamat Madrasah | L22: Jl. Cendrawasih RT. 04 Desa Senaken Tanah Grogot | U22: OKTOBER
U23: NOVEMBER
C24: No Sertifikasi | E24: 2111423801163 | J24: Jumlah Ruang Kelas | L24: 12 (Dua Belas) | U24: DESEMBER
C26: Pangkat/Gol Ruang | E26: Pembina (IV/a) | J26: Status Madrasah | L26: Terakreditasi A
C28: Pendidikan | E28: S.1 Tarbiyah | J28: Internet | L28: Ada
C30: Status Guru | E30: Sejarah Kebudayaan Islam dan Akidah Akhlak | U30: Penata Muda (III/a) | Y30: VII A
U31: Penata Muda Tingkat I (III/b) | Y31: VII B
C32: ="DATA JUMLAH SISWA/PESERTA EKSTRAKURIKULER BULAN "&E17&" "&G17 -> DATA JUMLAH SISWA/PESERTA EKSTRAKURIKULER BULAN JULI 2022 | U32: Penata Tingkat I (III/d) | Y32: VIII A
U33: Pembina (IV/a) | Y33: VIII B
D34: TINGKAT 7 | I34: TINGKAT 8 | M34: TINGKAT 9 | U34: Pembina Tingkat I (IV/b) | Y34: VIII C
D35: VII A | E35: VII B | F35: VII C | G35: VII D | H35: VII E | I35: VIII A | J35: VIII B | K35: VIII C | L35: VIII D | M35: IX A | N35: IX B | O35: IX C | U35: Pembina Utama Muda (IV/c) | Y35: IX A
C36: L | U36: Pembina Utama Madya (IV/d) | Y36: IX B
C37: P | U37: Pembina Utama (IV/e) | Y37: IX C
I39: EKSTRAKURIKULER
I40: apa ya | J40: pramua
C44: ="JUMLAH HARI EFEKTIF/KEGIATAN EKSTRAKURIKULER BULAN "&E17&" "&G17 -> JUMLAH HARI EFEKTIF/KEGIATAN EKSTRAKURIKULER BULAN JULI 2022
F46: SENIN | G46: SELASA | H46: RABU | I46: KAMIS | J46: JUMAT | K46: SABTU | L46: =IF(I40="","",I40) -> apa ya | M46: =IF(J40="","",J40) -> pramua
F47: 3 | G47: 3 | H47: 3 | I47: 4 | J47: 4 | K47: 4

Sheet proses
B21: =JURNAL_LKH!B21 -> Rabu | C21: =B21&JURNAL_LKH!E21&JURNAL_LKH!F21 -> Rabu07.30-10.00
B22: =IF(JURNAL_LKH!B22="",B21,JURNAL_LKH!B22) -> Rabu | C22: =B22&JURNAL_LKH!E22&JURNAL_LKH!F22 -> Rabu10.00-12.00
B23: =IF(JURNAL_LKH!B23="",B22,JURNAL_LKH!B23) -> Rabu | C23: =B23&JURNAL_LKH!E23&JURNAL_LKH!F23 -> Rabu12.00-13.00
B24: =IF(JURNAL_LKH!B24="",B23,JURNAL_LKH!B24) -> Rabu | C24: =B24&JURNAL_LKH!E24&JURNAL_LKH!F24 -> Rabu13.00-15.00
B25: =IF(JURNAL_LKH!B25="",B24,JURNAL_LKH!B25) -> Kamis | C25: =B25&JURNAL_LKH!E25&JURNAL_LKH!F25 -> Kamis07.20-12.00
B26: =IF(JURNAL_LKH!B26="",B25,JURNAL_LKH!B26) -> Kamis | C26: =B26&JURNAL_LKH!E26&JURNAL_LKH!F26 -> Kamis12.00-13.00
B27: =IF(JURNAL_LKH!B27="",B26,JURNAL_LKH!B27) -> Kamis | C27: =B27&JURNAL_LKH!E27&JURNAL_LKH!F27 -> Kamis13.00-15.00
B28: =IF(JURNAL_LKH!B28="",B27,JURNAL_LKH!B28) -> Jumat | C28: =B28&JURNAL_LKH!E28&JURNAL_LKH!F28 -> Jumat07.30-12.00
B29: =IF(JURNAL_LKH!B29="",B28,JURNAL_LKH!B29) -> Sabtu | C29: =B29&JURNAL_LKH!E29&JURNAL_LKH!F29 -> Sabtu07.30-10.00
B30: =IF(JURNAL_LKH!B30="",B29,JURNAL_LKH!B30) -> Sabtu | C30: =B30&JURNAL_LKH!E30&JURNAL_LKH!F30 -> Sabtu10.00-12.00
B31: =IF(JURNAL_LKH!B31="",B30,JURNAL_LKH!B31) -> Sabtu | C31: =B31&JURNAL_LKH!E31&JURNAL_LKH!F31 -> Sabtu12.00-13.00
B32: =IF(JURNAL_LKH!B32="",B31,JURNAL_LKH!B32) -> Sabtu | C32: =B32&JURNAL_LKH!E32&JURNAL_LKH!F32 -> Sabtu13.00-15.00
B33: =IF(JURNAL_LKH!B33="",B32,JURNAL_LKH!B33) -> Senin | C33: =B33&JURNAL_LKH!E33&JURNAL_LKH!F33 -> Senin07.15-10.00
... B188: =IF(JURNAL_LKH!B188="",B187,JURNAL_LKH!B188) -> Sabtu | C188: =B188&JURNAL_LKH!E188&JURNAL_LKH!F188 -> Sabtu

Sheet JURNAL_LKH
A1: YAYASAN AL – IHSAN AL ISLAMI
A2: MTs. AL IHSAN TANAH GROGOT
A3: NPSN : 30410000 NSM : 12.12.64.01.0002
A4: Alamat : Jl. Senaken Ds. Senaken RT. IV Tanah Grogot Kab. Paser - Kalimantan Timur 76211
A5: Telp. 0543-5236320 e-mail: mtsalihsan__senaken@yahoo.com
A8: JURNAL MENGAJAR DAN LAPORAN KINERJA HARIAN
A9: ="BULAN : "&DATA!E17&" "&DATA!G17 -> BULAN : JULI 2026
A10: IDENTITAS GURU | I10: IDENTITAS MADRASAH
A11: ="Nama Guru : "&DATA!E20 -> Nama Guru : Nurlailatul Hasanah, S.Ag | I11: =" Nama Madrasah : "&DATA!N20 -> Nama Madrasah : MTs. AL IHSAN TANAH GROGOT
A12: ="NIP : "&DATA!E22 -> NIP : 197311272005012002 | I12: =" Alamat Madrasah : "&DATA!N22 -> Alamat Madrasah : Jl. Cendrawasih RT. 04 Desa Senaken Tanah Grogot
A13: ="No Sertifikasi : "&DATA!E24 -> No Sertifikasi : 2111423801163 | I13: =" Jumlah Ruang Kelas : "&DATA!N24 -> Jumlah Ruang Kelas : 6 (Enam)
A14: ="Pangkat/Gol Ruang : "&DATA!E26 -> Pangkat/Gol Ruang : Guru madya pembina tingkat I, golongan IV/b | I14: =" Status Madrasah : "&DATA!N26 -> Status Madrasah : Terakreditasi A
A15: ="Pendidikan : "&DATA!E28 -> Pendidikan : S.1 Tarbiyah | I15: =" Internet : "&DATA!N28 -> Internet : Ada
A16: ="Status Guru : "&DATA!E30 -> Status Guru : Sejarah Kebudayaan Islam (SKI) dan Akidah Akhlak
A19: No | B19: Hari/Tanggal | E19: Jam ke- | F19: Kelas/Ekskul | G19: Mata Pelajaran | H19: No KI/KD | I19: Kegiatan/Materi | J19: Hasil | K19: Vol | L19: Absensi | O19: Ket
B20: Hari | C20: Tgl Bulan Tahun | L20: S | M20: I | N20: A
A21: 1. | B21: =IF(C21="","",TEXT(C21&D21,"dddd")) -> Rabu | C21: 1 | D21: =IF(C21="","",PROPER(DATA!$E$17)&" "&DATA!$G$17) -> Juli 2026 | E21: 07.30-10.00 | I21: Membuat analisis hari efektif pembelajaran semester ganjil mapel SKI kls 7 TP 2026/2027 | J21: Terlaksana | K21: 1 Keg
A22: =IF(C22="","",COUNT($C$21:D22)&".") | B22: =IF(C22="","",TEXT(C22&D22,"dddd")) | D22: =IF(C22="","",PROPER(DATA!$E$17)&" "&DATA!$G$17) | E22: 10.00-12.00 | I22: Melanjutkan kegiatan membuat analisis hari efektif mapel SKI kls 8 TP 2026/2027 semester ganjil | J22: Terlaksana | K22: 1 Keg
A23: =IF(C23="","",COUNT($C$21:D23)&".") | B23: =IF(C23="","",TEXT(C23&D23,"dddd")) | D23: =IF(C23="","",PROPER(DATA!$E$17)&" "&DATA!$G$17) | E23: 12.00-13.00 | I23: Istirahat dan Shalat Dzuhur | J23: Terlaksana | K23: 1 Keg
A24: =IF(C24="","",COUNT($C$21:D24)&".") | B24: =IF(C24="","",TEXT(C24&D24,"dddd")) | D24: =IF(C24="","",PROPER(DATA!$E$17)&" "&DATA!$G$17) | E24: 13.00-15.00 | I24: Melanjutkan kegiatan membuat analisis hari efektif mapel SKI kls 9 TP 2026/2027 semester ganjil | J24: Terlaksana | K24: 1 Keg
A25: =IF(C25="","",COUNT($C$21:D25)&".") -> 2. | B25: =IF(C25="","",TEXT(C25&D25,"dddd")) -> Kamis | C25: 2 | D25: =IF(C25="","",PROPER(DATA!$E$17)&" "&DATA!$G$17) -> Juli 2026 | E25: 07.20-12.00 | I25: Menyiapkan bahan ajar untuk membuat Program Tahunan Mapel SKI kls 9 Semester Ganjil Mapel SKI TP 2026/2027 | J25: Terlaksana | K25: 1 Keg
A26: =IF(C26="","",COUNT($C$21:D26)&".") | B26: =IF(C26="","",TEXT(C26&D26,"dddd")) | D26: =IF(C26="","",PROPER(DATA!$E$17)&" "&DATA!$G$17) | E26: 12.00-13.00 | I26: Istirahat dan Shalat Dzuhur | J26: Terlaksana | K26: 1 Keg
A27: =IF(C27="","",COUNT($C$21:D27)&".") | B27: =IF(C27="","",TEXT(C27&D27,"dddd")) | D27: =IF(C27="","",PROPER(DATA!$E$17)&" "&DATA!$G$17) | E27: 13.00-15.00 | I27: Melanjutkan kegiatan membuat Program Tahunan Mapel SKI kls 9 | J27: Terlaksana | K27: 1 Keg
A28: =IF(C28="","",COUNT($C$21:D28)&".") -> 3. | B28: =IF(C28="","",TEXT(C28&D28,"dddd")) -> Jumat | C28: 3 | D28: =IF(C28="","",PROPER(DATA!$E$17)&" "&DATA!$G$17) -> Juli 2026 | E28: 07.30-12.00 | I28: Membuat program semester Mapel SKI kls 9 | J28: Terlaksana | K28: 1 Keg
A29: =IF(C29="","",COUNT($C$21:D29)&".") -> 4. | B29: =IF(C29="","",TEXT(C29&D29,"dddd")) -> Sabtu | C29: 4 | D29: =IF(C29="","",PROPER(DATA!$E$17)&" "&DATA!$G$17) -> Juli 2026 | E29: 07.30-10.00 | I29: Melanjutkan membuat program semester mapel SKI kls 9 | J29: Terlaksana | K29: 1 Keg
A30: =IF(C30="","",COUNT($C$21:D30)&".") | B30: =IF(C30="","",TEXT(C30&D30,"dddd")) | D30: =IF(C30="","",PROPER(DATA!$E$17)&" "&DATA!$G$17) | E30: 10.00-12.00 | I30: Menyiapkan bahan menyusun program pembelajaran semester mapel SKI kls 9 | J30: Terlaksana | K30: 1 Keg
A31: =IF(C31="","",COUNT($C$21:D31)&".") | B31: =IF(C31="","",TEXT(C31&D31,"dddd")) | D31: =IF(C31="","",PROPER(DATA!$E$17)&" "&DATA!$G$17) | E31: 12.00-13.00 | I31: Istirahat dan Shalat Dzuhur | J31: Terlaksana | K31: 1 Keg
A32: =IF(C32="","",COUNT($C$21:D32)&".") | B32: =IF(C32="","",TEXT(C32&D32,"dddd")) | D32: =IF(C32="","",PROPER(DATA!$E$17)&" "&DATA!$G$17) | E32: 13.00-15.00 | I32: Melanjutkan kegiatan membuat program pembelajaran semester ganjil mapel SKI kls 9 | J32: Terlaksana | K32: 1 Keg
A33: =IF(C33="","",COUNT($C$21:D33)&".") -> 5. | B33: =IF(C33="","",TEXT(C33&D33,"dddd")) -> Senin | C33: 6 | D33: =IF(C33="","",PROPER(DATA!$E$17)&" "&DATA!$G$17) -> Juli 2026 | E33: 07.15-10.00 | I33: Menyiapkan bahan ajar untuk memyusun program Tahunan mapel SKI kls 7 | J33: Terlaksana | K33: 1 Keg
A34: =IF(C34="","",COUNT($C$21:D34)&".") | B34: =IF(C34="","",TEXT(C34&D34,"dddd")) | D34: =IF(C34="","",PROPER(DATA!$E$17)&" "&DATA!$G$17) | E34: 10.00-12.00 | I34: Membuat Program Tahunan Mapel SKI kls 7 TP 2026/2027 semester ganjil | J34: Terlaksana | K34: 1 Keg
A35: =IF(C35="","",COUNT($C$21:D35)&".") | B35: =IF(C35="","",TEXT(C35&D35,"dddd")) | D35: =IF(C35="","",PROPER(DATA!$E$17)&" "&DATA!$G$17) | E35: 12.00-13.00 | I35: Istirahat dan Shalat Dzuhur | J35: Terlaksana | K35: 1 Keg
A36: =IF(C36="","",COUNT($C$21:D36)&".") | B36: =IF(C36="","",TEXT(C36&D36,"dddd")) | D36: =IF(C36="","",PROPER(DATA!$E$17)&" "&DATA!$G$17) | E36: 13.00-15.00 | I36: Melanjutkan membuat program semester mapel SKI kls 7 | J36: Terlaksana | K36: 1 Keg
A37: =IF(C37="","",COUNT($C$21:D37)&".") -> 6. | B37: =IF(C37="","",TEXT(C37&D37,"dddd")) -> Selasa | C37: 7 | D37: =IF(C37="","",PROPER(DATA!$E$17)&" "&DATA!$G$17) -> Juli 2026 | E37: 07.30-10.00 | I37: Merapikan dan menyusun berkas- berkas sekolah yang dianggap penting | J37: Terlaksana | K37: 1 Keg
A38: =IF(C38="","",COUNT($C$21:D38)&".") | B38: =IF(C38="","",TEXT(C38&D38,"dddd")) | D38: =IF(C38="","",PROPER(DATA!$E$17)&" "&DATA!$G$17) | E38: 10.00-12.00 | I38: Menyiapkan bahan ajar untuk membuat Program Tahunan Mapel SKI kls 8 semester ganjil TP 2026/2027 | J38: Terlaksana | K38: 1 Keg
A39: =IF(C39="","",COUNT($C$21:D39)&".") | B39: =IF(C39="","",TEXT(C39&D39,"dddd")) | D39: =IF(C39="","",PROPER(DATA!$E$17)&" "&DATA!$G$17) | E39: 12.00-13.00 | I39: Istirahat dan Shalat Dzuhur | J39: Terlaksana | K39: 1 Keg
A40: =IF(C40="","",COUNT($C$21:D40)&".") | B40: =IF(C40="","",TEXT(C40&D40,"dddd")) | D40: =IF(C40="","",PROPER(DATA!$E$17)&" "&DATA!$G$17) | E40: 13.00-15.00 | I40: Melanjutkan kegiatan membuat Program Tahunan Mapel SKI kls 8 | J40: Terlaksana | K40: 1 Keg
A41: =IF(C41="","",COUNT($C$21:D41)&".") -> 7. | B41: =IF(C41="","",TEXT(C41&D41,"dddd")) -> Rabu | C41: 8 | D41: =IF(C41="","",PROPER(DATA!$E$17)&" "&DATA!$G$17) -> Juli 2026 | E41: 07.30-09.00 | I41: Membuat Program Semester Mapel SKI kls 8 | J41: Terlaksana | K41: 1 Keg
A42: =IF(C42="","",COUNT($C$21:D42)&".") | B42: =IF(C42="","",TEXT(C42&D42,"dddd")) | D42: =IF(C42="","",PROPER(DATA!$E$17)&" "&DATA!$G$17) | E42: 09.00-12.00 | I42: Melanjutkan membuat program semester ganjil mapel SKI kls 8 | J42: Terlaksana | K42: 1 Keg
A43: =IF(C43="","",COUNT($C$21:D43)&".") | B43: =IF(C43="","",TEXT(C43&D43,"dddd")) | D43: =IF(C43="","",PROPER(DATA!$E$17)&" "&DATA!$G$17) | E43: 12.00-13.00 | I43: Istirahat dan Shalat Dzuhur | J43: Terlaksana | K43: 1 Keg
A44: =IF(C44="","",COUNT($C$21:D44)&".") | B44: =IF(C44="","",TEXT(C44&D44,"dddd")) | D44: =IF(C44="","",PROPER(DATA!$E$17)&" "&DATA!$G$17) | E44: 13.00-15.00 | I44: Melanjutkan kegiatan membuat program pembelajaran semester ganjil mapel SKI kls 8 | J44: Terlaksana | K44: 1 Keg
A45: =IF(C45="","",COUNT($C$21:D45)&".") -> 8. | B45: =IF(C45="","",TEXT(C45&D45,"dddd")) -> Kamis | C45: 9 | D45: =IF(C45="","",PROPER(DATA!$E$17)&" "&DATA!$G$17) -> Juli 2026 | E45: 07.30-10.00 | I45: Membuat bahan ajar mapel SKI kls 7 semester ganjil | J45: Terlaksana | K45: 1 Keg
A46: =IF(C46="","",COUNT($C$21:D46)&".") | B46: =IF(C46="","",TEXT(C46&D46,"dddd")) | D46: =IF(C46="","",PROPER(DATA!$E$17)&" "&DATA!$G$17) | E46: 10.00-12.00 | I46: Melanjutkan kegiatan membuat bahan ajar | J46: Terlaksana | K46: 1 Keg
A47: =IF(C47="","",COUNT($C$21:D47)&".") | B47: =IF(C47="","",TEXT(C47&D47,"dddd")) | D47: =IF(C47="","",PROPER(DATA!$E$17)&" "&DATA!$G$17) | E47: 12.00-13.00 | I47: Istirahat dan Shalat Dzuhur | J47: Terlaksana | K47: 1 Keg
A48: =IF(C48="","",COUNT($C$21:D48)&".") | B48: =IF(C48="","",TEXT(C48&D48,"dddd")) | D48: =IF(C48="","",PROPER(DATA!$E$17)&" "&DATA!$G$17) | E48: 13.00-15.00 | I48: Melanjutkan kegiatan membuat bahan ajar | J48: Terlaksana | K48: 1 Keg
A49: =IF(C49="","",COUNT($C$21:D49)&".") -> 9. | B49: =IF(C49="","",TEXT(C49&D49,"dddd")) -> Jumat | C49: 10 | D49: =IF(C49="","",PROPER(DATA!$E$17)&" "&DATA!$G$17) -> Juli 2026 | E49: 07.30-09.00 | I49: Membuat bahan ajar mapel SKI kls 8 semester ganjil | J49: Terlaksana | K49: 1 Keg
A50: =IF(C50="","",COUNT($C$21:D50)&".") | B50: =IF(C50="","",TEXT(C50&D50,"dddd")) | D50: =IF(C50="","",PROPER(DATA!$E$17)&" "&DATA!$G$17) | E50: 09.00-12.00 | I50: Melanjutkan kegiatan memmbuat bahan ajar mapel SKI kls 8 | J50: Terlaksana | K50: 1 Keg
A51: =IF(C51="","",COUNT($C$21:D51)&".") -> 10. | B51: =IF(C51="","",TEXT(C51&D51,"dddd")) -> Sabtu | C51: 11 | D51: =IF(C51="","",PROPER(DATA!$E$17)&" "&DATA!$G$17) -> Juli 2026 | E51: 07.30-10.00 | I51: Membuat bahan ajar mapel SKI kls 7 semester ganjil | J51: Terlaksana | K51: 1 Keg
A52: =IF(C52="","",COUNT($C$21:D52)&".") | B52: =IF(C52="","",TEXT(C52&D52,"dddd")) | D52: =IF(C52="","",PROPER(DATA!$E$17)&" "&DATA!$G$17) | E52: 10.00-12.00 | I52: Melanjutkan kegiatan memmbuat bahan ajar mapel SKI kls 7 | J52: Terlaksana | K52: 1 Keg
A53: =IF(C53="","",COUNT($C$21:D53)&".") | B53: =IF(C53="","",TEXT(C53&D53,"dddd")) | D53: =IF(C53="","",PROPER(DATA!$E$17)&" "&DATA!$G$17) | E53: 12.00-13.00 | I53: Istirahat dan Shalat Dzuhur | J53: Terlaksana | K53: 1 Keg
A54: =IF(C54="","",COUNT($C$21:D54)&".") | B54: =IF(C54="","",TEXT(C54&D54,"dddd")) | D54: =IF(C54="","",PROPER(DATA!$E$17)&" "&DATA!$G$17) | E54: 13.00-15.00 | I54: Melanjutkan kegiatan memmbuat bahan ajar mapel SKI kls 7 | J54: Terlaksana | K54: 1 Keg
A55: =IF(C55="","",COUNT($C$21:D55)&".") -> 11. | B55: =IF(C55="","",TEXT(C55&D55,"dddd")) -> Senin | C55: 13 | D55: =IF(C55="","",PROPER(DATA!$E$17)&" "&DATA!$G$17) -> Juli 2026 | E55: 07.30-11.45 | I55: Hari pertama masuk sekolah bagi siswa lama, dan baru serta kegiatan bersih- bersih kelas 8 dan kls 9 serta pembukaan pelaksanaan MATAMUDA bagi siswa baru kls 7 | J55: Terlaksana | K55: 1 Keg
A56: =IF(C56="","",COUNT($C$21:D56)&".") | B56: =IF(C56="","",TEXT(C56&D56,"dddd")) | D56: =IF(C56="","",PROPER(DATA!$E$17)&" "&DATA!$G$17) | E56: 11.45-13.00 | I56: Istirahat dan Shalat Dzuhur | J56: Terlaksana | K56: 1 Keg
A57: =IF(C57="","",COUNT($C$21:D57)&".") | B57: =IF(C57="","",TEXT(C57&D57,"dddd")) | D57: =IF(C57="","",PROPER(DATA!$E$17)&" "&DATA!$G$17) | E57: 13.30-15.00 | I57: Kegiatan MATAMUDA Siswa Baru kls 7 | J57: Terlaksana | K57: 1 Keg
A58: =IF(C58="","",COUNT($C$21:D58)&".") -> 12. | B58: =IF(C58="","",TEXT(C58&D58,"dddd")) -> Selasa | C58: 14 | D58: =IF(C58="","",PROPER(DATA!$E$17)&" "&DATA!$G$17) -> Juli 2026 | E58: 07.30-12.00 | I58: MATSAMA Siswa Baru kelas VII dengan pemateri Waka Kurikulum dan Pembina OSIS | J58: Terlaksana | K58: 1 Keg
A59: =IF(C59="","",COUNT($C$21:D59)&".") | B59: =IF(C59="","",TEXT(C59&D59,"dddd")) | D59: =IF(C59="","",PROPER(DATA!$E$17)&" "&DATA!$G$17) | E59: 12.00-13.00 | I59: Istirahat dan Shalat Dzuhur | J59: Terlaksana | K59: 1 Keg
A60: =IF(C60="","",COUNT($C$21:D60)&".") | B60: =IF(C60="","",TEXT(C60&D60,"dddd")) | D60: =IF(C60="","",PROPER(DATA!$E$17)&" "&DATA!$G$17) | E60: 13.00-15.00 | I60: Menyiapkan materi untuk kegiatan MATAMUDA siswa baru | J60: Terlaksana | K60: 1 Keg
A61: =IF(C61="","",COUNT($C$21:D61)&".") -> 13. | B61: =IF(C61="","",TEXT(C61&D61,"dddd")) -> Rabu | C61: 15 | D61: =IF(C61="","",PROPER(DATA!$E$17)&" "&DATA!$G$17) -> Juli 2026 | E61: 07.30-12.00 | I61: Kegiatan MATAMUDA bagi siswa kls 7 | J61: Terlaksana | K61: 1 Keg
A62: =IF(C62="","",COUNT($C$21:D62)&".") | B62: =IF(C62="","",TEXT(C62&D62,"dddd")) | D62: =IF(C62="","",PROPER(DATA!$E$17)&" "&DATA!$G$17) | E62: 12.00-13.00 | I62: Istirahat dan Shalat Dzuhur | J62: Terlaksana | K62: 1 Keg
A63: =IF(C63="","",COUNT($C$21:D63)&".") | B63: =IF(C63="","",TEXT(C63&D63,"dddd")) | D63: =IF(C63="","",PROPER(DATA!$E$17)&" "&DATA!$G$17) | E63: 13.00-14.00 | I63: Penutupan kegiatan MATAMUDA bagi siswa baru | J63: Terlaksana | K63: 1 Keg
A64: =IF(C64="","",COUNT($C$21:D64)&".") | B64: =IF(C64="","",TEXT(C64&D64,"dddd")) | D64: =IF(C64="","",PROPER(DATA!$E$17)&" "&DATA!$G$17) | E64: 14.00-15.00 | I64: Merapikan meja kerja dan buku- buku siswa yang belum dibagikan | J64: Terlaksana | K64: 1 Keg
A65: =IF(C65="","",COUNT($C$21:D65)&".") -> 14. | B65: =IF(C65="","",TEXT(C65&D65,"dddd")) -> Kamis | C65: 16 | D65: =IF(C65="","",PROPER(DATA!$E$17)&" "&DATA!$G$17) -> Juli 2026 | E65: 07.30-09.00 | I65: Menyiapkan bahan untuk membuat materi ajar mapel SKI 8 | J65: Terlaksana | K65: 1 Keg
A66: =IF(C66="","",COUNT($C$21:D66)&".") | B66: =IF(C66="","",TEXT(C66&D66,"dddd")) | D66: =IF(C66="","",PROPER(DATA!$E$17)&" "&DATA!$G$17) | E66: 09.00-12.00 | I66: Rapat kordinasi Wali Kelas dan pembagian tugas guru pada Semester Ganjil TP 2026/2027 dan membahas hal- hal penting lainnya | J66: Terlaksana | K66: 1 Keg
A67: =IF(C67="","",COUNT($C$21:D67)&".") | B67: =IF(C67="","",TEXT(C67&D67,"dddd")) | D67: =IF(C67="","",PROPER(DATA!$E$17)&" "&DATA!$G$17) | E67: 12.00-13.00 | I67: Istirahat dan Shalat Dzuhur | J67: Terlaksana | K67: 1 Keg
A68: =IF(C68="","",COUNT($C$21:D68)&".") | B68: =IF(C68="","",TEXT(C68&D68,"dddd")) | D68: =IF(C68="","",PROPER(DATA!$E$17)&" "&DATA!$G$17) | E68: 13.00-15.00 | I68: Melanjutkan kegiatan rapat kordinasi Wali Kelas dan pembagian tugas guru pada Semester Ganjil TP 2026/2027 dan membahas hal- hal penting lainnya | J68: Terlaksana | K68: 1 Keg
A69: =IF(C69="","",COUNT($C$21:D69)&".") -> 15. | B69: =IF(C69="","",TEXT(C69&D69,"dddd")) -> Jumat | C69: 17 | D69: =IF(C69="","",PROPER(DATA!$E$17)&" "&DATA!$G$17) -> Juli 2026 | E69: 07.30-12.00 | I69: Menyusun program pembelajaran semester ganjil mapel SKI kls 7 TP 2026/2027 | J69: Terlaksana | K69: 1 Keg
A70: =IF(C70="","",COUNT($C$21:D70)&".") | B70: =IF(C70="","",TEXT(C70&D70,"dddd")) | D70: =IF(C70="","",PROPER(DATA!$E$17)&" "&DATA!$G$17) | E70: 12.00-13.00 | I70: Istirahat dan Shalat Dzuhur | J70: Terlaksana | K70: 1 Keg
A71: =IF(C71="","",COUNT($C$21:D71)&".") | B71: =IF(C71="","",TEXT(C71&D71,"dddd")) | D71: =IF(C71="","",PROPER(DATA!$E$17)&" "&DATA!$G$17) | I71: Melanjutkan menyusun program pembelajaran semester ganjil mapel SKI kls 7 TP 2026/2027 | J71: Terlaksana | K71: 1 Keg
A72: =IF(C72="","",COUNT($C$21:D72)&".") -> 16. | B72: =IF(C72="","",TEXT(C72&D72,"dddd")) -> Sabtu | C72: 18 | D72: =IF(C72="","",PROPER(DATA!$E$17)&" "&DATA!$G$17) -> Juli 2026 | J72: Terlaksana | K72: 1 Keg
A73: =IF(C73="","",COUNT($C$21:D73)&".") | B73: =IF(C73="","",TEXT(C73&D73,"dddd")) | D73: =IF(C73="","",PROPER(DATA!$E$17)&" "&DATA!$G$17) | J73: Terlaksana | K73: 1 Keg
A74: =IF(C74="","",COUNT($C$21:D74)&".") | B74: =IF(C74="","",TEXT(C74&D74,"dddd")) | D74: =IF(C74="","",PROPER(DATA!$E$17)&" "&DATA!$G$17) | J74: Terlaksana | K74: 1 Keg
A75: =IF(C75="","",COUNT($C$21:D75)&".") | B75: =IF(C75="","",TEXT(C75&D75,"dddd")) | D75: =IF(C75="","",PROPER(DATA!$E$17)&" "&DATA!$G$17) | J75: Terlaksana | K75: 1 Keg
A76: =IF(C76="","",COUNT($C$21:D76)&".") | B76: =IF(C76="","",TEXT(C76&D76,"dddd")) | D76: =IF(C76="","",PROPER(DATA!$E$17)&" "&DATA!$G$17) | J76: Terlaksana | K76: 1 Keg
A77: =IF(C77="","",COUNT($C$21:D77)&".") | B77: =IF(C77="","",TEXT(C77&D77,"dddd")) | D77: =IF(C77="","",PROPER(DATA!$E$17)&" "&DATA!$G$17) | J77: Terlaksana | K77: 1 Keg
A78: =IF(C78="","",COUNT($C$21:D78)&".") | B78: =IF(C78="","",TEXT(C78&D78,"dddd")) | D78: =IF(C78="","",PROPER(DATA!$E$17)&" "&DATA!$G$17) | J78: Terlaksana | K78: 1 Keg
A79: =IF(C79="","",COUNT($C$21:D79)&".") | B79: =IF(C79="","",TEXT(C79&D79,"dddd")) | D79: =IF(C79="","",PROPER(DATA!$E$17)&" "&DATA!$G$17) | J79: Terlaksana | K79: 1 Keg
A80: =IF(C80="","",COUNT($C$21:D80)&".") | B80: =IF(C80="","",TEXT(C80&D80,"dddd")) | D80: =IF(C80="","",PROPER(DATA!$E$17)&" "&DATA!$G$17) | J80: Terlaksana | K80: 1 Keg
A81: =IF(C81="","",COUNT($C$21:D81)&".") | B81: =IF(C81="","",TEXT(C81&D81,"dddd")) | D81: =IF(C81="","",PROPER(DATA!$E$17)&" "&DATA!$G$17) | J81: Terlaksana | K81: 1 Keg
A82: =IF(C82="","",COUNT($C$21:D82)&".") | B82: =IF(C82="","",TEXT(C82&D82,"dddd")) | D82: =IF(C82="","",PROPER(DATA!$E$17)&" "&DATA!$G$17) | J82: Terlaksana | K82: 1 Keg
A83: =IF(C83="","",COUNT($C$21:D83)&".") | B83: =IF(C83="","",TEXT(C83&D83,"dddd")) | D83: =IF(C83="","",PROPER(DATA!$E$17)&" "&DATA!$G$17) | J83: Terlaksana | K83: 1 Keg
A84: =IF(C84="","",COUNT($C$21:D84)&".") | B84: =IF(C84="","",TEXT(C84&D84,"dddd")) | D84: =IF(C84="","",PROPER(DATA!$E$17)&" "&DATA!$G$17) | J84: Terlaksana | K84: 1 Keg
... A171: =IF(C171="","",COUNT($C$21:D171)&".") | B171: =IF(C171="","",TEXT(C171&D171,"dddd")) | D171: =IF(C171="","",PROPER(DATA!$E$17)&" "&DATA!$G$17) | J171: Terlaksana | K171: 1 Keg
B172: =IF(C172="","",TEXT(C172&D172,"dddd")) | D172: =IF(C172="","",PROPER(DATA!$E$17)&" "&DATA!$G$17) | J172: Terlaksana | K172: 1 Keg
A173: =IF(C173="","",COUNT($C$21:D173)&".") | B173: =IF(C173="","",TEXT(C173&D173,"dddd")) | D173: =IF(C173="","",PROPER(DATA!$E$17)&" "&DATA!$G$17) | J173: Terlaksana | K173: 1 Keg
A174: =IF(C174="","",COUNT($C$21:D174)&".") | B174: =IF(C174="","",TEXT(C174&D174,"dddd")) | D174: =IF(C174="","",PROPER(DATA!$E$17)&" "&DATA!$G$17) | J174: Terlaksana | K174: 1 Keg
A175: =IF(C175="","",COUNT($C$21:D175)&".") | B175: =IF(C175="","",TEXT(C175&D175,"dddd")) | D175: =IF(C175="","",PROPER(DATA!$E$17)&" "&DATA!$G$17) | J175: Terlaksana | K175: 1 Keg
A176: =IF(C176="","",COUNT($C$21:D176)&".") | B176: =IF(C176="","",TEXT(C176&D176,"dddd")) | D176: =IF(C176="","",PROPER(DATA!$E$17)&" "&DATA!$G$17) | J176: Terlaksana | K176: 1 Keg
A177: =IF(C177="","",COUNT($C$21:D177)&".") | B177: =IF(C177="","",TEXT(C177&D177,"dddd")) | D177: =IF(C177="","",PROPER(DATA!$E$17)&" "&DATA!$G$17) | J177: Terlaksana | K177: 1 Keg
A178: =IF(C178="","",COUNT($C$21:D178)&".") | B178: =IF(C178="","",TEXT(C178&D178,"dddd")) | D178: =IF(C178="","",PROPER(DATA!$E$17)&" "&DATA!$G$17) | J178: Terlaksana | K178: 1 Keg
A179: =IF(C179="","",COUNT($C$21:D179)&".") | B179: =IF(C179="","",TEXT(C179&D179,"dddd")) | D179: =IF(C179="","",PROPER(DATA!$E$17)&" "&DATA!$G$17) | J179: Terlaksana | K179: 1 Keg
A180: =IF(C180="","",COUNT($C$21:D180)&".") | B180: =IF(C180="","",TEXT(C180&D180,"dddd")) | D180: =IF(C180="","",PROPER(DATA!$E$17)&" "&DATA!$G$17) | J180: Terlaksana | K180: 1 Keg
A181: =IF(C181="","",COUNT($C$21:D181)&".") | B181: =IF(C181="","",TEXT(C181&D181,"dddd")) | D181: =IF(C181="","",PROPER(DATA!$E$17)&" "&DATA!$G$17) | J181: Terlaksana | K181: 1 Keg
A182: =IF(C182="","",COUNT($C$21:D182)&".") | B182: =IF(C182="","",TEXT(C182&D182,"dddd")) | D182: =IF(C182="","",PROPER(DATA!$E$17)&" "&DATA!$G$17) | J182: Terlaksana | K182: 1 Keg
A183: =IF(C183="","",COUNT($C$21:D183)&".") | B183: =IF(C183="","",TEXT(C183&D183,"dddd")) | D183: =IF(C183="","",PROPER(DATA!$E$17)&" "&DATA!$G$17) | J183: Terlaksana | K183: 1 Keg
A184: =IF(C184="","",COUNT($C$21:D184)&".") | B184: =IF(C184="","",TEXT(C184&D184,"dddd")) | D184: =IF(C184="","",PROPER(DATA!$E$17)&" "&DATA!$G$17) | J184: Terlaksana | K184: 1 Keg
... A188: =IF(C188="","",COUNT($C$21:D188)&".") | B188: =IF(C188="","",TEXT(C188&D188,"dddd")) | D188: =IF(C188="","",PROPER(DATA!$E$17)&" "&DATA!$G$17) | J188: Terlaksana | K188: 1 Keg
I189: X
C190: Mengetahui | K190: Paser, | L190: 31 | M190: =PROPER(DATA!E17)&" "&DATA!G17 -> Juli 2026
C191: Kepala Madrasah | K191: Guru Mata Pelajaran,
C195: =DATA!K15 -> Ahmad Syafi'i Badar,S.Pd.I | K195: =""&DATA!E20 -> Nurlailatul Hasanah, S.Ag
C196: ="NIP : "&DATA!K17 -> NIP : - | K196: ="NIP : "&DATA!E22 -> NIP : 197311272005012002
...

Sheet TEST
A1: A | B1: B
B2: =A2 -> 0

Sheet LAPORAN BULANAN
A1: YAYASAN AL – IHSAN AL ISLAMI | U1: aquila alfazza
A2: MTs. AL IHSAN TANAH GROGOT | U2: aquila alfazza
A3: NPSN : 30410000 NSM : 12.12.64.01.0002 | U3: aquila alfazza
A4: Alamat : Jl. Senaken Ds. Senaken RT. IV Tanah Grogot Kab. Paser - Kalimantan Timur 76211 | U4: aquila alfazza
A5: Telp. 0543-5236320 e-mail: mtsalihsan__senaken@yahoo.com | U5: aquila alfazza
U6: aquila alfazza
U7: aquila alfazza
A8: ="LAPORAN BULANAN"&" "&"TAHUN AJARAN : "&DATA!E15 -> LAPORAN BULANAN TAHUN AJARAN : 2026/2027 | U8: aquila alfazza
A9: =JURNAL_LKH!A9 -> BULAN : JULI 2026 | U9: aquila alfazza
A10: IDENTITAS GURU | I10: IDENTITAS MADRASAH | U10: aquila alfazza
A11: =JURNAL_LKH!A11 -> Nama Guru : Nurlailatul Hasanah, S.Ag | I11: =JURNAL_LKH!I11 -> Nama Madrasah : MTs. AL IHSAN TANAH GROGOT | U11: aquila alfazza
A12: =JURNAL_LKH!A12 -> NIP : 197311272005012002 | I12: =JURNAL_LKH!I12 -> Alamat Madrasah : Jl. Cendrawasih RT. 04 Desa Senaken Tanah Grogot | U12: aquila alfazza
A13: =JURNAL_LKH!A13 -> No Sertifikasi : 2111423801163 | I13: =JURNAL_LKH!I13 -> Jumlah Ruang Kelas : 6 (Enam) | U13: aquila alfazza
A14: =JURNAL_LKH!A14 -> Pangkat/Gol Ruang : Guru madya pembina tingkat I, golongan IV/b | I14: =JURNAL_LKH!I14 -> Status Madrasah : Terakreditasi A | U14: aquila alfazza
A15: =JURNAL_LKH!A15 -> Pendidikan : S.1 Tarbiyah | I15: =JURNAL_LKH!I15 -> Internet : Ada | U15: aquila alfazza
A16: =JURNAL_LKH!A16 -> Status Guru : Sejarah Kebudayaan Islam (SKI) dan Akidah Akhlak | U16: aquila alfazza
A17: LAPORAN KEGIATAN GURU DAN DATA MURID | U17: aquila alfazza
A18: WAJIB MENGAJAR TIAP MINGGU | D18: JUMLAH MURID | H18: PRESENTASI GURU | N18: PRESENTASI SISWA | T18: KET | U18: aquila alfazza
H19: Sakit | J19: Izin | L19: Alpa | N19: Sakit | P19: Izin | R19: Alpa | U19: aquila alfazza
A20: HARI | B20: JUMLAH JAM | C20: JAM KE- | D20: KELAS | E20: L | F20: P | G20: JUMLAH | H20: JML | I20: % | J20: JML | K20: % | L20: JML | M20: % | N20: JML | O20: % | P20: JML | Q20: % | R20: JML | S20: % | U20: aquila alfazza | V20: Pengali
A21: SENIN | B21: 2 | C21: 3-4 | D21: VII A | E21: =VLOOKUP(D21,$E$67:$G$82,2,FALSE) -> 24 | F21: =VLOOKUP(D21,$E$67:$G$82,3,FALSE) -> 0 | G21: =SUM(E21:F21) -> 24 | H21: 0 | I21: =IF(H21=0,0%,H21/V21) -> 0 | J21: 0 | K21: =IF(J21=0,0%,J21/V21) -> 0 | L21: 0 | M21: =IF(L21=0,0%,L21/V21) -> 0 | N21: =SUMIF(proses!$C$21:$C$188,'LAPORAN BULANAN'!X21,JURNAL_LKH!$L$21:$L$188) -> 0 | O21: =N21/(G21*V21) -> 0 | P21: =SUMIF(proses!$C$21:$C$188,'LAPORAN BULANAN'!X21,JURNAL_LKH!$M$21:$M$188) -> 0 | Q21: =P21/(G21*V21) -> 0 | R21: =SUMIF(proses!$C$21:$C$188,'LAPORAN BULANAN'!X21,JURNAL_LKH!$N$21:$N$188) -> 0 | S21: =R21/(G21*V21) -> 0 | U21: aquila alfazza | V21: =DATA!G47 -> 3 | X21: =$A$21&C21&D21 -> SENIN3-4VII A | AA21: w
B22: 2 | C22: 7-8 | D22: VIII B | E22: =VLOOKUP(D22,$E$67:$G$82,2,FALSE) -> 12 | F22: =VLOOKUP(D22,$E$67:$G$82,3,FALSE) -> 11 | G22: =SUM(E22:F22) -> 23 | H22: 0 | I22: =IF(H22=0,0%,H22/V22) -> 0 | J22: 0 | K22: =IF(J22=0,0%,J22/V22) -> 0 | L22: 0 | M22: =IF(L22=0,0%,L22/V22) -> 0 | N22: =SUMIF(proses!$C$21:$C$188,'LAPORAN BULANAN'!X22,JURNAL_LKH!$L$21:$L$188) -> 0 | O22: =N22/(G22*V22) -> 0 | P22: =SUMIF(proses!$C$21:$C$188,'LAPORAN BULANAN'!X22,JURNAL_LKH!$M$21:$M$188) -> 0 | Q22: =P22/(G22*V22) -> 0 | R22: =SUMIF(proses!$C$21:$C$188,'LAPORAN BULANAN'!X22,JURNAL_LKH!$N$21:$N$188) -> 0 | S22: =R22/(G22*V22) -> 0 | U22: aquila alfazza | V22: =DATA!G47 -> 3 | X22: =$A$21&C22&D22 -> SENIN7-8VIII B | AA22: w
E23: =VLOOKUP(D23,$E$67:$G$82,2,FALSE) -> 0 | F23: =VLOOKUP(D23,$E$67:$G$82,3,FALSE) -> 0 | G23: =SUM(E23:F23) -> 0 | H23: 0 | I23: =IF(H23=0,0%,H23/V23) -> 0 | J23: 0 | K23: =IF(J23=0,0%,J23/V23) -> 0 | L23: 0 | M23: =IF(L23=0,0%,L23/V23) -> 0 | N23: =SUMIF(proses!$C$21:$C$188,'LAPORAN BULANAN'!X23,JURNAL_LKH!$L$21:$L$188) -> 0 | O23: =N23/(G23*V23) -> #DIV/0! | P23: =SUMIF(proses!$C$21:$C$188,'LAPORAN BULANAN'!X23,JURNAL_LKH!$M$21:$M$188) -> 0 | Q23: =P23/(G23*V23) -> #DIV/0! | R23: =SUMIF(proses!$C$21:$C$188,'LAPORAN BULANAN'!X23,JURNAL_LKH!$N$21:$N$188) -> 0 | S23: =R23/(G23*V23) -> #DIV/0! | U23: aquila alfazza | V23: =DATA!G47 -> 3 | X23: =$A$21&C23&D23 -> SENIN
E24: =VLOOKUP(D24,$E$67:$G$82,2,FALSE) -> 0 | F24: =VLOOKUP(D24,$E$67:$G$82,3,FALSE) -> 0 | G24: =SUM(E24:F24) -> 0 | H24: 0 | I24: =IF(H24=0,0%,H24/V24) -> 0 | J24: 0 | K24: =IF(J24=0,0%,J24/V24) -> 0 | L24: 0 | M24: =IF(L24=0,0%,L24/V24) -> 0 | N24: =SUMIF(proses!$C$21:$C$188,'LAPORAN BULANAN'!X24,JURNAL_LKH!$L$21:$L$188) -> 0 | O24: =N24/(G24*V24) -> #DIV/0! | P24: =SUMIF(proses!$C$21:$C$188,'LAPORAN BULANAN'!X24,JURNAL_LKH!$M$21:$M$188) -> 0 | Q24: =P24/(G24*V24) -> #DIV/0! | R24: =SUMIF(proses!$C$21:$C$188,'LAPORAN BULANAN'!X24,JURNAL_LKH!$N$21:$N$188) -> 0 | S24: =R24/(G24*V24) -> #DIV/0! | U24: aquila alfazza | V24: =DATA!G47 -> 3 | X24: =$A$21&C24&D24 -> SENIN
A25: SELASA | B25: 2 | C25: 1-2 | D25: VII B | E25: =VLOOKUP(D25,$E$67:$G$82,2,FALSE) -> 0 | F25: =VLOOKUP(D25,$E$67:$G$82,3,FALSE) -> 20 | G25: =SUM(E25:F25) -> 20 | H25: 0 | I25: =IF(H25=0,0%,H25/V25) -> 0 | J25: 0 | K25: =IF(J25=0,0%,J25/V25) -> 0 | L25: 0 | M25: =IF(L25=0,0%,L25/V25) -> 0 | N25: =SUMIF(proses!$C$21:$C$188,'LAPORAN BULANAN'!X25,JURNAL_LKH!$L$21:$L$188) -> 0 | O25: =N25/(G25*V25) -> 0 | P25: =SUMIF(proses!$C$21:$C$188,'LAPORAN BULANAN'!X25,JURNAL_LKH!$M$21:$M$188) -> 0 | Q25: =P25/(G25*V25) -> 0 | R25: =SUMIF(proses!$C$21:$C$188,'LAPORAN BULANAN'!X25,JURNAL_LKH!$N$21:$N$188) -> 0 | S25: =R25/(G25*V25) -> 0 | U25: aquila alfazza | V25: =DATA!H47 -> 3 | X25: =$A$25&C25&D25 -> SELASA1-2VII B | AA25: w
B26: 2 | C26: 5-6 | D26: IX C | E26: =VLOOKUP(D26,$E$67:$G$82,2,FALSE) -> 0 | F26: =VLOOKUP(D26,$E$67:$G$82,3,FALSE) -> 0 | G26: =SUM(E26:F26) -> 0 | H26: 0 | I26: =IF(H26=0,0%,H26/V26) -> 0 | J26: 0 | K26: =IF(J26=0,0%,J26/V26) -> 0 | L26: 0 | M26: =IF(L26=0,0%,L26/V26) -> 0 | N26: =SUMIF(proses!$C$21:$C$188,'LAPORAN BULANAN'!X26,JURNAL_LKH!$L$21:$L$188) -> 0 | O26: =N26/(G26*V26) -> #DIV/0! | P26: =SUMIF(proses!$C$21:$C$188,'LAPORAN BULANAN'!X26,JURNAL_LKH!$M$21:$M$188) -> 0 | Q26: =P26/(G26*V26) -> #DIV/0! | R26: =SUMIF(proses!$C$21:$C$188,'LAPORAN BULANAN'!X26,JURNAL_LKH!$N$21:$N$188) -> 0 | S26: =R26/(G26*V26) -> #DIV/0! | U26: aquila alfazza | V26: =DATA!H47 -> 3 | X26: =$A$25&C26&D26 -> SELASA5-6IX C | AA26: w
B27: 2 | C27: 7-8 | D27: IX A | E27: =VLOOKUP(D27,$E$67:$G$82,2,FALSE) -> 23 | F27: =VLOOKUP(D27,$E$67:$G$82,3,FALSE) -> 0 | G27: =SUM(E27:F27) -> 23 | H27: 0 | I27: =IF(H27=0,0%,H27/V27) -> 0 | J27: 0 | K27: =IF(J27=0,0%,J27/V27) -> 0 | L27: 0 | M27: =IF(L27=0,0%,L27/V27) -> 0 | N27: =SUMIF(proses!$C$21:$C$188,'LAPORAN BULANAN'!X27,JURNAL_LKH!$L$21:$L$188) -> 0 | O27: =N27/(G27*V27) -> 0 | P27: =SUMIF(proses!$C$21:$C$188,'LAPORAN BULANAN'!X27,JURNAL_LKH!$M$21:$M$188) -> 0 | Q27: =P27/(G27*V27) -> 0 | R27: =SUMIF(proses!$C$21:$C$188,'LAPORAN BULANAN'!X27,JURNAL_LKH!$N$21:$N$188) -> 0 | S27: =R27/(G27*V27) -> 0 | U27: aquila alfazza | V27: =DATA!H47 -> 3 | X27: =$A$25&C27&D27 -> SELASA7-8IX A | AA27: w
E28: =VLOOKUP(D28,$E$67:$G$82,2,FALSE) -> 0 | F28: =VLOOKUP(D28,$E$67:$G$82,3,FALSE) -> 0 | G28: =SUM(E28:F28) -> 0 | H28: 0 | I28: =IF(H28=0,0%,H28/V28) -> 0 | J28: 0 | K28: =IF(J28=0,0%,J28/V28) -> 0 | L28: 0 | M28: =IF(L28=0,0%,L28/V28) -> 0 | N28: =SUMIF(proses!$C$21:$C$188,'LAPORAN BULANAN'!X28,JURNAL_LKH!$L$21:$L$188) -> 0 | O28: =N28/(G28*V28) -> #DIV/0! | P28: =SUMIF(proses!$C$21:$C$188,'LAPORAN BULANAN'!X28,JURNAL_LKH!$M$21:$M$188) -> 0 | Q28: =P28/(G28*V28) -> #DIV/0! | R28: =SUMIF(proses!$C$21:$C$188,'LAPORAN BULANAN'!X28,JURNAL_LKH!$N$21:$N$188) -> 0 | S28: =R28/(G28*V28) -> #DIV/0! | U28: aquila alfazza | V28: =DATA!H47 -> 3 | X28: =$A$25&C28&D28 -> SELASA | AA28: w
A29: RABU | E29: =VLOOKUP(D29,$E$67:$G$82,2,FALSE) -> 0 | F29: =VLOOKUP(D29,$E$67:$G$82,3,FALSE) -> 0 | G29: =SUM(E29:F29) -> 0 | H29: 0 | I29: =IF(H29=0,0%,H29/V29) -> 0 | J29: 0 | K29: =IF(J29=0,0%,J29/V29) -> 0 | L29: 0 | M29: =IF(L29=0,0%,L29/V29) -> 0 | N29: =SUMIF(proses!$C$21:$C$188,'LAPORAN BULANAN'!X29,JURNAL_LKH!$L$21:$L$188) -> 0 | O29: =N29/(G29*V29) -> #DIV/0! | P29: =SUMIF(proses!$C$21:$C$188,'LAPORAN BULANAN'!X29,JURNAL_LKH!$M$21:$M$188) -> 0 | Q29: =P29/(G29*V29) -> #DIV/0! | R29: =SUMIF(proses!$C$21:$C$188,'LAPORAN BULANAN'!X29,JURNAL_LKH!$N$21:$N$188) -> 0 | S29: =R29/(G29*V29) -> #DIV/0! | U29: aquila alfazza | V29: =DATA!I47 -> 3 | X29: =$A$29&C29&D29 -> RABU | AA29: w
E30: =VLOOKUP(D30,$E$67:$G$82,2,FALSE) -> 0 | F30: =VLOOKUP(D30,$E$67:$G$82,3,FALSE) -> 0 | G30: =SUM(E30:F30) -> 0 | H30: 0 | I30: =IF(H30=0,0%,H30/V30) -> 0 | J30: 0 | K30: =IF(J30=0,0%,J30/V30) -> 0 | L30: 0 | M30: =IF(L30=0,0%,L30/V30) -> 0 | N30: =SUMIF(proses!$C$21:$C$188,'LAPORAN BULANAN'!X30,JURNAL_LKH!$L$21:$L$188) -> 0 | O30: =N30/(G30*V30) -> #DIV/0! | P30: =SUMIF(proses!$C$21:$C$188,'LAPORAN BULANAN'!X30,JURNAL_LKH!$M$21:$M$188) -> 0 | Q30: =P30/(G30*V30) -> #DIV/0! | R30: =SUMIF(proses!$C$21:$C$188,'LAPORAN BULANAN'!X30,JURNAL_LKH!$N$21:$N$188) -> 0 | S30: =R30/(G30*V30) -> #DIV/0! | U30: aquila alfazza | V30: =DATA!I47 -> 3 | X30: =$A$29&C30&D30 -> RABU
D31: VIII A | E31: =VLOOKUP(D31,$E$67:$G$82,2,FALSE) -> 22 | F31: =VLOOKUP(D31,$E$67:$G$82,3,FALSE) -> 0 | G31: =SUM(E31:F31) -> 22 | H31: 0 | I31: =IF(H31=0,0%,H31/V31) -> 0 | J31: 0 | K31: =IF(J31=0,0%,J31/V31) -> 0 | L31: 0 | M31: =IF(L31=0,0%,L31/V31) -> 0 | N31: =SUMIF(proses!$C$21:$C$188,'LAPORAN BULANAN'!X31,JURNAL_LKH!$L$21:$L$188) -> 0 | O31: =N31/(G31*V31) -> 0 | P31: =SUMIF(proses!$C$21:$C$188,'LAPORAN BULANAN'!X31,JURNAL_LKH!$M$21:$M$188) -> 0 | Q31: =P31/(G31*V31) -> 0 | R31: =SUMIF(proses!$C$21:$C$188,'LAPORAN BULANAN'!X31,JURNAL_LKH!$N$21:$N$188) -> 0 | S31: =R31/(G31*V31) -> 0 | U31: aquila alfazza | V31: =DATA!I47 -> 3 | X31: =$A$29&C31&D31 -> RABUVIII A
E32: =VLOOKUP(D32,$E$67:$G$82,2,FALSE) -> 0 | F32: =VLOOKUP(D32,$E$67:$G$82,3,FALSE) -> 0 | G32: =SUM(E32:F32) -> 0 | H32: 0 | I32: =IF(H32=0,0%,H32/V32) -> 0 | J32: 0 | K32: =IF(J32=0,0%,J32/V32) -> 0 | L32: 0 | M32: =IF(L32=0,0%,L32/V32) -> 0 | N32: =SUMIF(proses!$C$21:$C$188,'LAPORAN BULANAN'!X32,JURNAL_LKH!$L$21:$L$188) -> 0 | O32: =N32/(G32*V32) -> #DIV/0! | P32: =SUMIF(proses!$C$21:$C$188,'LAPORAN BULANAN'!X32,JURNAL_LKH!$M$21:$M$188) -> 0 | Q32: =P32/(G32*V32) -> #DIV/0! | R32: =SUMIF(proses!$C$21:$C$188,'LAPORAN BULANAN'!X32,JURNAL_LKH!$N$21:$N$188) -> 0 | S32: =R32/(G32*V32) -> #DIV/0! | U32: aquila alfazza | V32: =DATA!I47 -> 3 | X32: =$A$29&C32&D32 -> RABU
A33: KAMIS | B33: 2 | C33: 1-2 | D33: VIII A | E33: =VLOOKUP(D33,$E$67:$G$82,2,FALSE) -> 22 | F33: =VLOOKUP(D33,$E$67:$G$82,3,FALSE) -> 0 | G33: =SUM(E33:F33) -> 22 | H33: 0 | I33: =IF(H33=0,0%,H33/V33) -> 0 | J33: 0 | K33: =IF(J33=0,0%,J33/V33) -> 0 | L33: 0 | M33: =IF(L33=0,0%,L33/V33) -> 0 | N33: =SUMIF(proses!$C$21:$C$188,'LAPORAN BULANAN'!X33,JURNAL_LKH!$L$21:$L$188) -> 0 | O33: =N33/(G33*V33) -> 0 | P33: =SUMIF(proses!$C$21:$C$188,'LAPORAN BULANAN'!X33,JURNAL_LKH!$M$21:$M$188) -> 0 | Q33: =P33/(G33*V33) -> 0 | R33: =SUMIF(proses!$C$21:$C$188,'LAPORAN BULANAN'!X33,JURNAL_LKH!$N$21:$N$188) -> 0 | S33: =R33/(G33*V33) -> 0 | U33: aquila alfazza | V33: =DATA!J47 -> 3 | X33: =$A$33&C33&D33 -> KAMIS1-2VIII A | AA33: w
B34: 2 | C34: 3-4 | D34: IX B | E34: =VLOOKUP(D34,$E$67:$G$82,2,FALSE) -> 0 | F34: =VLOOKUP(D34,$E$67:$G$82,3,FALSE) -> 31 | G34: =SUM(E34:F34) -> 31 | H34: 0 | I34: =IF(H34=0,0%,H34/V34) -> 0 | J34: 0 | K34: =IF(J34=0,0%,J34/V34) -> 0 | L34: 0 | M34: =IF(L34=0,0%,L34/V34) -> 0 | N34: =SUMIF(proses!$C$21:$C$188,'LAPORAN BULANAN'!X34,JURNAL_LKH!$L$21:$L$188) -> 0 | O34: =N34/(G34*V34) -> 0 | P34: =SUMIF(proses!$C$21:$C$188,'LAPORAN BULANAN'!X34,JURNAL_LKH!$M$21:$M$188) -> 0 | Q34: =P34/(G34*V34) -> 0 | R34: =SUMIF(proses!$C$21:$C$188,'LAPORAN BULANAN'!X34,JURNAL_LKH!$N$21:$N$188) -> 0 | S34: =R34/(G34*V34) -> 0 | U34: aquila alfazza | V34: =DATA!J47 -> 3 | X34: =$A$33&C34&D34 -> KAMIS3-4IX B | AA34: w
B35: 2 | C35: 7-8 | D35: IX C | E35: =VLOOKUP(D35,$E$67:$G$82,2,FALSE) -> 0 | F35: =VLOOKUP(D35,$E$67:$G$82,3,FALSE) -> 0 | G35: =SUM(E35:F35) -> 0 | H35: 0 | I35: =IF(H35=0,0%,H35/V35) -> 0 | J35: 0 | K35: =IF(J35=0,0%,J35/V35) -> 0 | L35: 0 | M35: =IF(L35=0,0%,L35/V35) -> 0 | N35: =SUMIF(proses!$C$21:$C$188,'LAPORAN BULANAN'!X35,JURNAL_LKH!$L$21:$L$188) -> 0 | O35: =N35/(G35*V35) -> #DIV/0! | P35: =SUMIF(proses!$C$21:$C$188,'LAPORAN BULANAN'!X35,JURNAL_LKH!$M$21:$M$188) -> 0 | Q35: =P35/(G35*V35) -> #DIV/0! | R35: =SUMIF(proses!$C$21:$C$188,'LAPORAN BULANAN'!X35,JURNAL_LKH!$N$21:$N$188) -> 0 | S35: =R35/(G35*V35) -> #DIV/0! | U35: aquila alfazza | V35: =DATA!J47 -> 3 | X35: =$A$33&C35&D35 -> KAMIS7-8IX C | AA35: w
E36: =VLOOKUP(D36,$E$67:$G$82,2,FALSE) -> 0 | F36: =VLOOKUP(D36,$E$67:$G$82,3,FALSE) -> 0 | G36: =SUM(E36:F36) -> 0 | H36: 0 | I36: =IF(H36=0,0%,H36/V36) -> 0 | J36: 0 | K36: =IF(J36=0,0%,J36/V36) -> 0 | L36: 0 | M36: =IF(L36=0,0%,L36/V36) -> 0 | N36: =SUMIF(proses!$C$21:$C$188,'LAPORAN BULANAN'!X36,JURNAL_LKH!$L$21:$L$188) -> 0 | O36: =N36/(G36*V36) -> #DIV/0! | P36: =SUMIF(proses!$C$21:$C$188,'LAPORAN BULANAN'!X36,JURNAL_LKH!$M$21:$M$188) -> 0 | Q36: =P36/(G36*V36) -> #DIV/0! | R36: =SUMIF(proses!$C$21:$C$188,'LAPORAN BULANAN'!X36,JURNAL_LKH!$N$21:$N$188) -> 0 | S36: =R36/(G36*V36) -> #DIV/0! | U36: aquila alfazza | V36: =DATA!J47 -> 3 | X36: =$A$33&C36&D36 -> KAMIS | AA36: w
A37: JUMAT | E37: =VLOOKUP(D37,$E$67:$G$82,2,FALSE) -> 0 | F37: =VLOOKUP(D37,$E$67:$G$82,3,FALSE) -> 0 | G37: =SUM(E37:F37) -> 0 | H37: 0 | I37: =IF(H37=0,0%,H37/V37) -> 0 | J37: 0 | K37: =IF(J37=0,0%,J37/V37) -> 0 | L37: 0 | M37: =IF(L37=0,0%,L37/V37) -> 0 | N37: =SUMIF(proses!$C$21:$C$188,'LAPORAN BULANAN'!X37,JURNAL_LKH!$L$21:$L$188) -> 0 | O37: =N37/(G37*V37) -> #DIV/0! | P37: =SUMIF(proses!$C$21:$C$188,'LAPORAN BULANAN'!X37,JURNAL_LKH!$M$21:$M$188) -> 0 | Q37: =P37/(G37*V37) -> #DIV/0! | R37: =SUMIF(proses!$C$21:$C$188,'LAPORAN BULANAN'!X37,JURNAL_LKH!$N$21:$N$188) -> 0 | S37: =R37/(G37*V37) -> #DIV/0! | U37: aquila alfazza | V37: =DATA!K47 -> 3 | X37: =$A$37&C37&D37 -> JUMAT | AA37: w
E38: =VLOOKUP(D38,$E$67:$G$82,2,FALSE) -> 0 | F38: =VLOOKUP(D38,$E$67:$G$82,3,FALSE) -> 0 | G38: =SUM(E38:F38) -> 0 | H38: 0 | I38: =IF(H38=0,0%,H38/V38) -> 0 | J38: 0 | K38: =IF(J38=0,0%,J38/V38) -> 0 | L38: 0 | M38: =IF(L38=0,0%,L38/V38) -> 0 | N38: =SUMIF(proses!$C$21:$C$188,'LAPORAN BULANAN'!X38,JURNAL_LKH!$L$21:$L$188) -> 0 | O38: =N38/(G38*V38) -> #DIV/0! | P38: =SUMIF(proses!$C$21:$C$188,'LAPORAN BULANAN'!X38,JURNAL_LKH!$M$21:$M$188) -> 0 | Q38: =P38/(G38*V38) -> #DIV/0! | R38: =SUMIF(proses!$C$21:$C$188,'LAPORAN BULANAN'!X38,JURNAL_LKH!$N$21:$N$188) -> 0 | S38: =R38/(G38*V38) -> #DIV/0! | V38: =DATA!K47 -> 3 | X38: =$A$37&C38&D38 -> JUMAT
E39: =VLOOKUP(D39,$E$67:$G$82,2,FALSE) -> 0 | F39: =VLOOKUP(D39,$E$67:$G$82,3,FALSE) -> 0 | G39: =SUM(E39:F39) -> 0 | H39: 0 | I39: =IF(H39=0,0%,H39/V39) -> 0 | J39: 0 | K39: =IF(J39=0,0%,J39/V39) -> 0 | L39: 0 | M39: =IF(L39=0,0%,L39/V39) -> 0 | N39: =SUMIF(proses!$C$21:$C$188,'LAPORAN BULANAN'!X39,JURNAL_LKH!$L$21:$L$188) -> 0 | O39: =N39/(G39*V39) -> #DIV/0! | P39: =SUMIF(proses!$C$21:$C$188,'LAPORAN BULANAN'!X39,JURNAL_LKH!$M$21:$M$188) -> 0 | Q39: =P39/(G39*V39) -> #DIV/0! | R39: =SUMIF(proses!$C$21:$C$188,'LAPORAN BULANAN'!X39,JURNAL_LKH!$N$21:$N$188) -> 0 | S39: =R39/(G39*V39) -> #DIV/0! | U39: aquila alfazza | V39: =DATA!K47 -> 3 | X39: =$A$37&C39&D39 -> JUMAT
A40: SABTU | B40: 2 | C40: 5-6 | D40: IX B | E40: =VLOOKUP(D40,$E$67:$G$82,2,FALSE) -> 0 | F40: =VLOOKUP(D40,$E$67:$G$82,3,FALSE) -> 31 | G40: =SUM(E40:F40) -> 31 | H40: 0 | I40: =IF(H40=0,0%,H40/V40) -> 0 | J40: 0 | K40: =IF(J40=0,0%,J40/V40) -> 0 | L40: 0 | M40: =IF(L40=0,0%,L40/V40) -> 0 | N40: =SUMIF(proses!$C$21:$C$188,'LAPORAN BULANAN'!X40,JURNAL_LKH!$L$21:$L$188) -> 0 | O40: =N40/(G40*V40) -> 0 | P40: =SUMIF(proses!$C$21:$C$188,'LAPORAN BULANAN'!X40,JURNAL_LKH!$M$21:$M$188) -> 0 | Q40: =P40/(G40*V40) -> 0 | R40: =SUMIF(proses!$C$21:$C$188,'LAPORAN BULANAN'!X40,JURNAL_LKH!$N$21:$N$188) -> 0 | S40: =R40/(G40*V40) -> 0 | U40: aquila alfazza | V40: =DATA!L47 -> 2 | X40: =$A$40&C40&D40 -> SABTU5-6IX B | AA40: w
B41: 2 | C41: 7-8 | D41: IX A | E41: =VLOOKUP(D41,$E$67:$G$82,2,FALSE) -> 23 | F41: =VLOOKUP(D41,$E$67:$G$82,3,FALSE) -> 0 | G41: =SUM(E41:F41) -> 23 | H41: 0 | I41: =IF(H41=0,0%,H41/V41) -> 0 | J41: 0 | K41: =IF(J41=0,0%,J41/V41) -> 0 | L41: 0 | M41: =IF(L41=0,0%,L41/V41) -> 0 | N41: =SUMIF(proses!$C$21:$C$188,'LAPORAN BULANAN'!X41,JURNAL_LKH!$L$21:$L$188) -> 0 | O41: =N41/(G41*V41) -> 0 | P41: =SUMIF(proses!$C$21:$C$188,'LAPORAN BULANAN'!X41,JURNAL_LKH!$M$21:$M$188) -> 0 | Q41: =P41/(G41*V41) -> 0 | R41: =SUMIF(proses!$C$21:$C$188,'LAPORAN BULANAN'!X41,JURNAL_LKH!$N$21:$N$188) -> 0 | S41: =R41/(G41*V41) -> 0 | U41: aquila alfazza | V41: =DATA!L47 -> 2 | X41: =$A$40&C41&D41 -> SABTU7-8IX A
E42: =VLOOKUP(D42,$E$67:$G$82,2,FALSE) -> 0 | F42: =VLOOKUP(D42,$E$67:$G$82,3,FALSE) -> 0 | G42: =SUM(E42:F42) -> 0 | H42: 0 | I42: =IF(H42=0,0%,H42/V42) -> 0 | J42: 0 | K42: =IF(J42=0,0%,J42/V42) -> 0 | L42: 0 | M42: =IF(L42=0,0%,L42/V42) -> 0 | N42: =SUMIF(proses!$C$21:$C$188,'LAPORAN BULANAN'!X42,JURNAL_LKH!$L$21:$L$188) -> 0 | O42: =N42/(G42*V42) -> #DIV/0! | P42: =SUMIF(proses!$C$21:$C$188,'LAPORAN BULANAN'!X42,JURNAL_LKH!$M$21:$M$188) -> 0 | Q42: =P42/(G42*V42) -> #DIV/0! | R42: =SUMIF(proses!$C$21:$C$188,'LAPORAN BULANAN'!X42,JURNAL_LKH!$N$21:$N$188) -> 0 | S42: =R42/(G42*V42) -> #DIV/0! | U42: aquila alfazza | V42: =DATA!L47 -> 2 | X42: =$A$40&C42&D42 -> SABTU
E43: =VLOOKUP(D43,$E$67:$G$82,2,FALSE) -> 0 | F43: =VLOOKUP(D43,$E$67:$G$82,3,FALSE) -> 0 | G43: =SUM(E43:F43) -> 0 | H43: 0 | I43: =IF(H43=0,0%,H43/V43) -> 0 | J43: 0 | K43: =IF(J43=0,0%,J43/V43) -> 0 | L43: 0 | M43: =IF(L43=0,0%,L43/V43) -> 0 | N43: =SUMIF(proses!$C$21:$C$188,'LAPORAN BULANAN'!X43,JURNAL_LKH!$L$21:$L$188) -> 0 | O43: =N43/(G43*V43) -> #DIV/0! | P43: =SUMIF(proses!$C$21:$C$188,'LAPORAN BULANAN'!X43,JURNAL_LKH!$M$21:$M$188) -> 0 | Q43: =P43/(G43*V43) -> #DIV/0! | R43: =SUMIF(proses!$C$21:$C$188,'LAPORAN BULANAN'!X43,JURNAL_LKH!$N$21:$N$188) -> 0 | S43: =R43/(G43*V43) -> #DIV/0! | U43: aquila alfazza | V43: =DATA!L47 -> 2 | X43: =$A$40&C43&D43 -> SABTU
A44: EKSTRA | D44: =E81 -> OP | E44: =F81 -> 0 | F44: =G81 -> 0 | G44: =SUM(E44:F44) -> 0 | H44: 0 | I44: =IF(H44=0,0%,H44/V44) -> 0 | J44: 0 | K44: =IF(J44=0,0%,J44/V44) -> 0 | L44: 0 | M44: =IF(L44=0,0%,L44/V44) -> 0 | N44: =SUMIF(JURNAL_LKH!$F$21:$F$188,D44,JURNAL_LKH!$L$21:$L$188) -> 0 | O44: =N44/(G44*'DATA 1'!L47) -> #DIV/0! | P44: =SUMIF(JURNAL_LKH!$F$21:$F$188,D44,JURNAL_LKH!$M$21:$M$188) -> 0 | Q44: =P44/(G44*'DATA 1'!L47) -> #DIV/0! | R44: =SUMIF(JURNAL_LKH!$F$21:$F$188,D44,JURNAL_LKH!$N$21:$N$188) -> 0 | S44: =R44/(G44*'DATA 1'!L47) -> #DIV/0! | U44: aquila alfazza
D45: =E82 -> 0 | E45: =F82 -> 0 | F45: =G82 -> 0 | G45: =SUM(E45:F45) -> 0 | H45: 0 | I45: =IF(H45=0,0%,H45/V45) -> 0 | J45: 0 | K45: =IF(J45=0,0%,J45/V45) -> 0 | L45: 0 | M45: =IF(L45=0,0%,L45/V45) -> 0 | N45: =SUMIF(JURNAL_LKH!$F$21:$F$188,'LAPORAN BULANAN'!X45,JURNAL_LKH!$L$21:$L$188) -> 0 | O45: =N45/(G45*'DATA 1'!M47) -> #DIV/0! | P45: =SUMIF(JURNAL_LKH!$F$21:$F$188,D45,JURNAL_LKH!$M$21:$M$188) -> 0 | Q45: =P45/(G45*'DATA 1'!M47) -> #DIV/0! | R45: =SUMIF(JURNAL_LKH!F$21:F$188,D45,JURNAL_LKH!$N$21:$N$188) -> 0 | S45: =R45/(G45*'DATA 1'!M47) -> #DIV/0! | U45: aquila alfazza | X45: =A45&D45&#REF! -> #REF!
A46: WALI KELAS | B46: 6
A47: Guru Piket | B47: 1 | U47: aquila alfazza
A48: JUMLAH | B48: =SUM(B21:C47) -> 27 | U48: aquila alfazza
U49: aquila alfazza
B50: Mengetahui | P50: =JURNAL_LKH!K190 -> Paser, | Q50: =JURNAL_LKH!L190 -> 31 | R50: =JURNAL_LKH!M190 -> Juli 2026 | U50: aquila alfazza
B51: Pengawas Madrasah | H51: =JURNAL_LKH!C191 -> Kepala Madrasah | P51: =JURNAL_LKH!K191 -> Guru Mata Pelajaran, | U51: aquila alfazza
U52: aquila alfazza
U53: aquila alfazza
U54: aquila alfazza
B55: =DATA!P15 -> Drs.H.Hadi Suhaidy. | H55: =JURNAL_LKH!C195 -> Ahmad Syafi'i Badar,S.Pd.I | P55: =JURNAL_LKH!K195 -> Nurlailatul Hasanah, S.Ag | U55: aquila alfazza
B56: ="NIP : "&DATA!P17 -> NIP : 196707121996031003 | H56: =JURNAL_LKH!C196 -> NIP : - | P56: =JURNAL_LKH!K196 -> NIP : 197311272005012002 | U56: aquila alfazza
U57: aquila alfazza
E67: =JURNAL_LKH!A208 -> VII A | F67: =DATA!D36 -> 24 | G67: =DATA!D37 -> 0
E68: =JURNAL_LKH!A209 -> VII B | F68: =DATA!E36 -> 0 | G68: =DATA!E37 -> 20
E69: =JURNAL_LKH!A210 -> 0 | F69: =DATA!F36 -> 0 | G69: =DATA!F37 -> 0
E70: =JURNAL_LKH!A211 -> 0 | F70: =DATA!G36 -> 0 | G70: =DATA!G37 -> 0
E71: =JURNAL_LKH!A212 -> VIII A | F71: =DATA!H36 -> 22 | G71: =DATA!H37 -> 0
E72: =JURNAL_LKH!A213 -> VIII B | F72: =DATA!I36 -> 12 | G72: =DATA!I37 -> 11
E73: =JURNAL_LKH!A214 -> 0 | F73: =DATA!J36 -> 0 | G73: =DATA!J37 -> 0
E74: =JURNAL_LKH!A215 -> 0 | F74: =DATA!K36 -> 0 | G74: =DATA!K37 -> 0
E75: =JURNAL_LKH!A216 -> 0 | F75: =DATA!L36 -> 0 | G75: =DATA!L37 -> 0
E76: =JURNAL_LKH!A217 -> IX A | F76: =DATA!M36 -> 23 | G76: =DATA!M37 -> 0
E77: =JURNAL_LKH!A218 -> IX B | F77: =DATA!N36 -> 0 | G77: =DATA!N37 -> 31
E78: =JURNAL_LKH!A219 -> IX C | F78: =DATA!O36 -> 0 | G78: =DATA!O37 -> 0
E79: =JURNAL_LKH!A220 -> 0 | F79: =DATA!P36 -> 0 | G79: =DATA!P37 -> 0
E80: =JURNAL_LKH!A221 -> 0 | F80: =DATA!Q36 -> 0 | G80: =DATA!Q37 -> 0
E81: =JURNAL_LKH!A222 -> OP | F81: =DATA!J41 -> 0 | G81: =DATA!J42 -> 0
F82: =DATA!K41 -> 0 | G82: =DATA!K42 -> 0

Sheet Sheet1
A1: SENIN | B1: 2 | C1: 4-5 | D1: VIII C
B2: 2 | C2: 6-7 | D2: IX C
A5: SELASA | B5: 2 | C5: 1-2 | D5: VII B
B6: 2 | C6: 3-4 | D6: VIII D
B7: 2 | C7: 5-6 | D7: VII C
B8: 2 | C8: 7-8 | D8: VII A
A9: RABU | B9: 2 | C9: 1-2 | D9: VIII A
A13: KAMIS | B13: 2 | C13: 1-2 | D13: IX E
B14: 2 | C14: 3-4 | D14: IX A
B15: 2 | C15: 5-6 | D15: VIII B
B16: 2 | C16: 7-8 | D16: IX B
A17: JUMAT | B17: 2 | C17: 4-5 | D17: VIII E
A20: SABTU | B20: 2 | C20: 6-7 | D20: IX D
